symboling,make,fuel_type,aspiration,num_of_doors,body_style,drive_wheels,engine_location,wheel_base,length,width,height,curb_weight,engine_type,num_of_cylinders,engine_size,fuel_system,bore,stroke,compression_ratio,horsepower,peak_rpm,city_mpg,highway_mpg,price
0,subaru,diesel,std,4,sedan,fwd,front,98.74,170.69,61.87,56.22,2191,ohcf,4,61,mpfi,3.63,3.13,9,110,5500,20,22,6189
1,dodge,gas,std,2,hatchback,fwd,front,97.44,191.66,65.9,57.8,3130,ohc,4,234,2bbl,3.14,3.04,9,111,5200,23,28,7129
-1,porsche,diesel,std,2,sedan,rwd,front,99.57,181.39,65.95,52.27,2191,ohc,4,134,2bbl,3.34,3.36,9,70,4800,23,37,23875
1,volkswagen,diesel,std,4,hatchback,fwd,front,98.35,176.1,63.53,60.45,2458,ohc,4,134,mpfi,3.54,3.3,9,68,4400,19,30,9639
-1,volvo,gas,std,4,wagon,fwd,front,98.44,180.47,65.18,51.09,3060,dohc,4,152,mpfi,3.92,2.86,9,69,4800,24,34,15250
1,volvo,gas,std,4,sedan,fwd,front,88.76,174.26,67.32,53.31,3020,ohc,4,90,mpfi,3.3,3.14,9,68,4500,14,17,12629
0,nissan,gas,std,4,sedan,fwd,front,100.01,177.74,67.34,51.51,3950,dohc,6,136,spdi,3.51,3.8,9,62,5000,27,29,9988
2,toyota,gas,std,2,hatchback,fwd,rear,103.18,189.29,64.0,55.78,2403,ohcf,4,98,mpfi,3.14,3.81,9,111,4350,31,22,6938
0,mitsubishi,gas,turbo,4,sedan,fwd,front,110.89,179.49,62.67,56.08,2510,ohc,4,98,mpfi,3.56,2.76,9,161,4250,19,24,7895
0,peugot,gas,std,4,sedan,fwd,rear,102.5,155.69,67.74,49.49,2324,ohcv,4,97,mpfi,3.69,3.65,9,86,4800,37,38,5572
2,audi,gas,std,4,hatchback,fwd,front,95.28,175.94,65.65,53.85,2302,ohc,5,145,mpfi,3.24,3.27,9,176,5000,18,20,7295
3,volvo,gas,std,4,sedan,rwd,front,93.74,156.21,66.15,55.93,3016,ohc,4,109,mpfi,3.2,3.07,8,123,4200,17,29,15690
1,volkswagen,gas,std,2,sedan,fwd,front,95.71,162.0,66.17,52.25,2275,ohc,4,164,1bbl,2.98,3.4,9,62,5000,31,47,11259
0,dodge,gas,turbo,2,wagon,rwd,front,100.17,179.02,64.04,54.44,2535,ohcv,4,110,mpfi,3.16,3.37,8,176,5400,31,30,6529
0,volvo,gas,std,4,sedan,rwd,front,93.87,183.12,67.98,51.26,1874,ohcv,6,122,mpfi,2.95,3.26,9,69,4800,24,37,31600
0,nissan,gas,std,4,hatchback,fwd,front,99.46,183.91,65.29,50.94,2290,ohc,6,234,mpfi,3.68,3.36,8,155,6000,26,24,17199
2,peugot,gas,std,4,sedan,fwd,front,99.28,173.49,61.69,54.51,3197,ohc,8,120,idi,3.6,3.45,9,48,4800,18,24,12964
2,honda,gas,std,2,hatchback,fwd,front,92.14,187.37,68.17,55.17,1918,ohc,6,90,mpfi,4.0,3.38,7,69,4800,29,29,18620
-1,toyota,gas,turbo,2,convertible,fwd,front,98.53,168.08,67.21,56.98,2328,ohc,4,109,mpfi,3.24,3.22,9,88,4800,31,37,32528
2,saab,diesel,turbo,4,hatchback,4wd,front,101.49,163.49,66.18,54.46,2579,ohc,4,110,mpfi,4.0,2.85,9,90,5500,38,27,13295
1,toyota,diesel,std,2,hatchback,rwd,front,96.84,182.96,63.59,51.94,2535,ohc,4,156,mpfi,2.8,3.23,9,152,4200,21,30,5195
2,volkswagen,diesel,std,4,sedan,rwd,rear,96.52,185.09,72.87,56.64,1837,ohc,4,141,mpfi,4.12,3.18,8,68,5000,31,42,9279
0,honda,gas,std,4,hatchback,rwd,front,89.59,210.46,69.13,57.33,1889,ohc,4,209,mpfi,2.98,3.54,9,94,4800,24,25,6855
-1,nissan,gas,std,2,sedan,fwd,front,84.07,168.7,62.46,47.01,1890,ohc,4,209,mpfi,3.37,3.0,23,123,5200,28,34,6488
2,volkswagen,gas,std,4,sedan,fwd,front,101.13,174.28,66.79,52.34,2670,dohc,4,120,mpfi,3.49,2.59,9,82,5250,24,24,11248
2,alfa-romero,gas,std,4,sedan,fwd,front,103.72,177.96,65.28,52.84,3515,dohc,4,181,mpfi,3.33,3.41,21,68,4150,31,29,6785
0,volvo,gas,std,2,sedan,fwd,front,93.17,167.13,64.74,55.55,1890,ohc,4,120,mpfi,3.18,3.57,8,88,4400,31,24,20970
2,honda,gas,std,4,sedan,fwd,front,95.1,190.0,63.91,57.2,2395,ohc,4,181,idi,3.42,3.48,9,90,5500,30,26,16503
2,dodge,diesel,std,2,wagon,fwd,front,100.53,172.95,68.2,53.34,3380,ohc,5,130,mpfi,3.49,3.39,21,111,5200,27,23,11549
2,volvo,gas,std,2,wagon,fwd,front,105.12,156.95,65.73,51.82,1944,ohc,4,120,mpfi,3.41,3.65,9,145,5800,15,30,5151
1,alfa-romero,gas,turbo,4,hatchback,fwd,rear,95.97,179.04,66.6,52.77,2425,ohcf,4,120,mpfi,3.24,3.15,9,123,5500,23,43,8449
0,subaru,gas,std,4,sedan,fwd,front,100.67,185.22,66.17,54.42,2921,ohc,4,141,2bbl,3.16,3.81,9,84,5500,31,32,6338
3,toyota,gas,turbo,4,sedan,rwd,front,98.91,185.56,67.33,54.57,2403,ohc,6,92,2bbl,3.41,3.15,21,123,4800,15,30,11900
1,mitsubishi,gas,std,4,hatchback,fwd,front,102.19,171.79,66.44,51.01,3157,ohc,4,92,mpfi,3.8,3.57,9,116,4200,19,22,15750
0,subaru,gas,std,2,hatchback,fwd,front,109.55,173.41,67.36,50.11,3020,ohc,4,97,2bbl,3.5,3.42,9,116,5800,31,32,10595
1,nissan,gas,std,4,sedan,rwd,front,106.1,153.83,64.95,53.4,2140,ohc,4,97,mpfi,3.02,2.47,21,120,5500,24,29,40960
-1,honda,gas,std,4,hardtop,fwd,front,101.27,188.69,65.66,57.44,2465,ohc,4,110,mpfi,3.27,3.55,9,123,5500,15,30,12440
1,dodge,gas,turbo,4,hatchback,fwd,front,102.52,175.26,66.51,52.06,1950,ohc,5,110,mpfi,3.61,3.47,10,101,5000,33,30,7689
1,toyota,gas,std,4,sedan,fwd,front,81.11,195.56,68.7,55.95,2337,ohcf,4,134,2bbl,3.82,3.17,8,69,4200,19,30,6649
0,bmw,gas,std,2,hatchback,fwd,front,108.82,166.29,62.86,52.92,2340,ohc,5,130,2bbl,3.04,3.16,9,68,5400,19,33,16500
3,toyota,gas,std,4,sedan,fwd,front,109.9,180.96,69.81,55.11,2275,l,4,181,mpfi,3.23,3.64,8,110,5250,30,34,6488
-2,mercury,gas,std,4,sedan,fwd,front,90.51,150.59,66.87,60.06,1890,ohc,4,304,2bbl,3.75,3.34,23,62,5800,27,50,6649
0,toyota,gas,std,4,sedan,fwd,front,101.19,179.37,63.67,55.89,2823,ohc,4,120,idi,3.16,2.87,8,116,5200,19,43,7689
1,honda,gas,turbo,2,wagon,fwd,front,86.36,176.0,70.5,51.28,2289,ohc,4,209,spdi,2.76,3.11,9,90,4800,24,33,13499
1,toyota,gas,turbo,4,hatchback,fwd,front,88.04,178.65,64.63,55.48,2319,ohc,6,136,mpfi,3.87,3.54,7,68,4350,19,28,5118
3,honda,gas,std,4,hatchback,rwd,front,100.57,178.35,65.34,50.3,2480,ohc,6,109,mpfi,3.44,3.37,9,114,4800,29,37,7995
0,peugot,gas,std,4,sedan,fwd,front,101.61,187.4,66.36,52.24,2679,ohc,4,92,2bbl,3.5,3.03,9,145,5250,26,38,7198
3,volkswagen,gas,std,4,hatchback,fwd,front,93.33,173.84,67.44,52.83,2714,l,4,171,mpfi,3.46,3.17,7,161,4200,25,27,6649
1,alfa-romero,gas,std,4,wagon,fwd,front,95.39,152.53,66.35,52.11,3012,ohc,4,120,mpfi,3.35,3.11,9,162,4800,32,30,7129
2,plymouth,gas,std,4,sedan,fwd,front,100.51,202.84,61.08,54.49,3715,ohc,4,109,spdi,3.11,2.99,9,95,5500,19,34,32528
0,isuzu,gas,std,2,sedan,rwd,front,96.74,180.5,64.08,53.42,3685,l,6,90,mpfi,3.0,2.94,8,69,5200,21,24,6377
1,volvo,gas,std,4,hatchback,rwd,front,106.59,202.22,66.16,52.4,2050,ohc,4,90,mpfi,3.24,3.57,22,76,5250,24,30,13200
-1,plymouth,gas,std,4,sedan,fwd,front,91.92,168.06,64.14,54.39,2293,ohc,4,108,1bbl,3.71,3.25,9,120,4750,26,23,13495
0,mitsubishi,gas,turbo,2,sedan,fwd,front,103.17,175.27,68.7,59.06,1945,ohc,4,140,mpfi,3.23,2.82,9,121,5000,37,32,22625
1,volkswagen,gas,std,2,sedan,fwd,front,90.02,181.72,65.47,54.72,1889,ohc,4,194,mpfi,3.29,3.31,9,111,4800,19,25,6095
1,dodge,gas,std,2,hatchback,fwd,front,107.29,169.17,68.58,51.06,2040,dohc,4,146,2bbl,3.23,3.01,8,68,5000,31,27,7609
0,nissan,gas,turbo,4,hatchback,4wd,front,107.69,164.45,65.2,50.53,3110,ohc,4,146,spdi,3.48,2.9,9,70,5200,19,24,6938
0,mitsubishi,gas,std,4,hatchback,rwd,front,97.78,149.88,65.32,51.46,1909,l,4,122,mpfi,3.49,3.66,9,48,5200,16,47,40960
-2,audi,gas,std,4,wagon,fwd,front,93.62,175.5,66.37,52.45,2756,dohc,4,146,2bbl,3.29,2.8,9,134,5500,26,30,14399
2,toyota,gas,std,4,sedan,rwd,front,100.33,176.31,67.53,53.64,1989,ohc,4,209,mpfi,3.25,2.78,9,95,4800,19,24,11549
0,mazda,gas,std,4,wagon,fwd,front,95.45,159.22,63.78,58.89,3217,ohc,5,326,mpfi,3.52,3.22,9,68,5500,31,30,8495
2,volvo,gas,std,4,sedan,rwd,front,101.81,175.92,62.65,50.94,2507,dohc,6,141,mpfi,3.23,3.52,9,69,4250,21,29,7295
1,toyota,gas,std,4,hatchback,fwd,front,93.37,172.08,66.29,53.01,1971,ohc,4,109,idi,3.6,3.33,9,262,4200,31,27,8495
0,alfa-romero,gas,std,4,sedan,rwd,front,92.79,175.56,65.27,54.29,3071,ohc,4,141,spdi,3.66,3.43,9,86,5500,26,34,17950
0,peugot,gas,turbo,4,sedan,fwd,front,93.06,175.81,64.59,51.27,1889,ohc,5,120,mpfi,3.73,3.83,9,68,5500,29,24,15040
2,nissan,gas,std,2,hatchback,fwd,front,92.58,165.45,63.53,51.35,3095,ohcv,4,136,idi,3.31,3.09,8,84,5400,19,30,17669
0,peugot,gas,std,4,wagon,fwd,front,96.17,162.45,65.99,59.49,3950,ohcf,4,79,mpfi,2.86,3.27,9,52,5000,31,30,18150
3,mazda,gas,std,4,sedan,fwd,front,112.51,189.48,67.28,53.21,2204,ohcv,4,109,mpfi,3.34,3.08,9,62,5500,19,47,8189
1,honda,gas,std,4,sedan,fwd,front,110.77,138.75,63.99,53.32,3095,ohc,5,97,mpfi,3.44,3.26,7,97,4750,21,34,11850
0,honda,gas,std,4,sedan,fwd,front,103.31,185.11,66.96,55.93,3110,ohc,6,110,2bbl,3.6,3.69,9,86,5500,24,37,35550
2,volvo,gas,std,2,hatchback,fwd,front,105.17,177.05,68.45,56.32,2191,ohc,4,90,idi,3.16,2.79,21,100,5500,23,16,23875
1,nissan,gas,std,4,hatchback,rwd,front,94.26,163.47,65.89,56.68,2120,ohc,6,110,2bbl,3.39,3.52,9,207,5500,33,27,13200
1,mazda,gas,std,4,hatchback,rwd,front,98.72,172.32,68.99,53.33,1918,ohc,4,91,idi,3.67,2.96,9,69,5000,24,32,17669
2,jaguar,gas,turbo,4,hatchback,fwd,front,92.94,180.66,65.15,55.18,2094,ohc,6,171,mpfi,3.31,3.56,7,90,5500,26,22,7788
-1,toyota,gas,std,4,sedan,fwd,front,96.12,178.22,64.74,52.28,2128,ohcf,4,130,2bbl,3.65,2.85,9,97,5100,21,25,9549
-1,mitsubishi,gas,turbo,4,hatchback,rwd,front,109.86,154.93,63.22,54.75,3071,ohc,4,92,idi,3.21,3.29,7,123,6000,31,36,17199
1,plymouth,gas,turbo,2,wagon,rwd,front,90.06,156.87,65.63,54.07,1918,ohc,4,181,mpfi,3.12,2.96,8,100,4800,18,42,15985
1,jaguar,gas,std,4,hatchback,fwd,front,95.37,165.09,69.1,52.21,2536,ohc,4,121,idi,3.35,3.54,23,110,5000,38,28,16630
0,honda,gas,std,4,hatchback,fwd,front,104.15,176.38,68.81,54.48,2204,ohc,4,97,mpfi,3.25,3.1,9,116,5200,31,29,32250
3,mazda,gas,std,2,sedan,fwd,front,97.9,201.89,68.88,50.89,3012,ohc,4,152,mpfi,3.54,3.49,9,114,5500,32,38,8949
3,nissan,gas,std,4,sedan,fwd,front,100.95,192.07,67.48,53.41,2372,ohc,4,97,idi,3.07,3.36,9,152,5000,19,41,13295
2,audi,gas,std,4,sedan,rwd,front,104.78,186.47,66.5,56.98,2414,ohc,4,110,mpfi,3.2,3.14,9,116,4800,18,29,18150
1,subaru,gas,std,4,hatchback,fwd,front,111.21,182.33,67.19,50.98,1889,ohc,4,136,mpfi,3.55,2.89,7,90,4800,24,42,15510
1,dodge,diesel,turbo,4,hatchback,4wd,front,114.12,189.47,62.54,55.1,3430,ohcv,4,98,mpfi,3.47,2.86,8,182,5400,14,25,13415
-1,mitsubishi,gas,std,4,hatchback,fwd,front,103.43,179.01,65.9,56.79,4066,ohc,4,108,2bbl,3.46,3.25,9,70,4350,31,29,16500
3,nissan,gas,std,4,sedan,rwd,front,95.3,176.74,66.7,54.64,2300,ohc,4,90,mpfi,3.31,3.39,9,52,4200,21,30,7775
2,volkswagen,gas,turbo,2,hatchback,fwd,front,100.77,174.99,68.16,53.04,3197,ohc,5,108,mpfi,3.28,3.56,10,102,5400,38,38,22625
3,mitsubishi,gas,std,2,sedan,fwd,front,99.98,184.68,65.01,56.37,3715,ohcv,4,90,idi,3.18,2.76,9,95,4800,24,34,9988
0,mitsubishi,gas,std,4,sedan,fwd,front,102.03,188.38,65.07,53.94,2264,ohc,4,146,mpfi,3.15,3.15,9,48,4200,15,28,9549
-1,subaru,gas,turbo,2,sedan,fwd,front,94.9,194.52,64.31,55.91,3016,ohc,4,152,spdi,3.22,3.54,9,114,5200,25,37,11048
3,saab,gas,std,4,sedan,fwd,front,101.62,172.78,59.48,55.05,1889,ohc,4,92,mpfi,3.17,3.02,9,68,5400,24,37,28176
2,subaru,gas,std,4,sedan,rwd,front,92.51,172.53,66.62,55.35,2551,ohc,4,164,spfi,3.18,3.91,9,116,4800,26,28,7126
3,toyota,gas,turbo,2,hatchback,fwd,front,101.75,157.51,66.82,49.93,2261,ohc,4,108,2bbl,3.34,3.19,9,82,5200,38,38,15510
0,audi,gas,std,4,sedan,fwd,front,98.14,169.5,64.99,53.98,2280,ohc,4,134,mpfi,2.98,3.01,9,69,4200,26,42,11245
3,peugot,gas,std,4,sedan,rwd,front,107.11,164.99,69.32,50.79,3157,ohc,4,108,mpfi,3.1,2.94,9,110,6600,24,46,6338
0,saab,gas,std,4,sedan,rwd,front,102.33,196.81,67.83,54.35,2140,ohc,4,90,mpfi,3.29,3.6,9,95,5600,19,32,16503
-1,subaru,gas,std,4,hatchback,rwd,front,100.27,168.02,69.2,52.47,2324,ohc,4,97,spdi,3.72,3.23,9,110,5250,26,32,6229
1,toyota,gas,turbo,4,hatchback,fwd,front,98.83,172.79,63.97,53.69,2372,dohc,6,122,2bbl,2.86,3.1,7,68,5000,19,30,7995
1,mitsubishi,gas,std,2,hatchback,fwd,front,92.26,175.68,69.59,55.04,3012,ohc,4,122,idi,3.16,3.03,8,95,5200,16,24,5151
-1,volvo,gas,std,2,hatchback,fwd,front,94.4,179.2,70.91,53.66,2714,ohc,4,97,mpfi,3.51,3.95,9,82,4800,24,38,22470
0,toyota,gas,std,2,sedan,rwd,front,102.16,169.61,65.1,54.42,2536,ohc,4,98,mpfi,3.38,3.49,8,58,5500,26,30,13295
3,mitsubishi,gas,std,2,sedan,fwd,front,101.19,158.36,65.38,55.67,2910,ohc,4,136,2bbl,3.72,3.33,9,182,5000,31,25,15250
0,mercedes-benz,gas,std,2,sedan,rwd,rear,92.1,190.79,66.83,56.95,2679,ohc,4,97,2bbl,3.55,2.88,9,120,4250,31,25,6529
0,volvo,gas,std,4,sedan,fwd,front,105.21,169.48,67.17,49.04,2800,ohc,4,121,idi,3.42,3.34,9,160,4800,20,36,36000
0,honda,gas,std,2,hatchback,fwd,front,93.97,178.37,60.56,52.16,2535,ohc,4,122,2bbl,3.29,2.48,21,160,5800,25,43,22470
1,toyota,gas,turbo,4,sedan,fwd,front,103.45,155.3,64.33,52.89,1989,ohc,4,171,mpfi,3.18,3.16,9,116,5400,37,34,13295
3,plymouth,gas,std,4,hardtop,rwd,front,97.99,186.36,69.04,50.29,1488,dohc,4,109,mpfi,3.07,3.17,9,110,5500,29,24,7299
0,mitsubishi,gas,std,4,wagon,fwd,front,99.34,181.13,63.59,52.75,3197,l,4,108,2bbl,3.43,3.0,23,88,5500,24,53,10245
2,bmw,gas,std,4,sedan,rwd,front,94.31,166.57,66.11,51.52,2535,ohc,4,110,mpfi,3.21,3.12,9,102,4800,31,25,16430
-2,toyota,gas,std,4,sedan,rwd,front,104.32,185.1,67.63,54.23,2275,ohc,4,141,2bbl,3.24,3.55,10,69,5000,31,25,15040
-1,mitsubishi,gas,std,4,wagon,fwd,front,101.43,184.37,68.02,54.0,2275,ohcf,4,98,mpfi,3.09,3.49,9,95,5200,25,22,13845
-1,subaru,gas,std,4,hatchback,rwd,front,96.16,176.05,69.19,52.3,2128,ohc,4,109,2bbl,3.3,3.66,9,88,5200,31,30,32250
3,volvo,gas,std,4,sedan,fwd,front,89.99,180.98,65.88,56.81,1889,ohcf,4,146,idi,3.61,3.28,8,95,5200,31,25,12290
-1,honda,gas,std,4,sedan,rwd,front,105.65,173.05,62.8,54.61,3095,ohc,6,108,mpfi,3.68,3.8,7,182,4150,30,34,6795
3,mercedes-benz,gas,std,4,sedan,rwd,front,94.43,157.02,62.92,53.58,2823,ohc,4,130,mpfi,3.53,3.68,8,52,5500,25,30,7499
0,bmw,gas,std,2,sedan,fwd,front,96.48,175.7,67.19,54.04,1905,ohc,4,109,2bbl,3.63,3.31,7,182,5000,31,37,34184
2,mitsubishi,gas,std,2,hatchback,fwd,front,86.79,162.63,63.09,54.22,2221,ohc,6,97,mpfi,3.31,3.39,8,76,4800,17,27,22018
-1,mercedes-benz,gas,std,4,wagon,fwd,front,99.8,167.65,65.88,57.61,3430,ohc,4,120,2bbl,3.59,3.49,8,110,5250,35,28,12170
-1,mitsubishi,gas,std,2,sedan,rwd,front,108.27,184.26,67.11,51.04,2952,ohc,6,121,mpfi,3.07,3.57,9,84,5250,30,38,7957
2,nissan,gas,std,2,sedan,fwd,front,101.93,176.4,68.63,54.7,1713,ohc,4,108,mpfi,3.42,3.26,8,114,5400,19,25,12290
1,isuzu,gas,std,4,hatchback,4wd,front,89.23,165.62,65.58,54.04,1989,dohc,4,121,1bbl,3.62,2.98,7,121,5800,29,34,9495
-1,mazda,gas,std,4,sedan,fwd,front,104.63,174.72,63.82,54.03,2302,ohcv,4,109,idi,3.26,3.04,9,95,4150,19,37,6692
-1,dodge,gas,turbo,4,hatchback,rwd,front,105.41,201.57,68.17,54.43,2265,l,4,141,mpfi,3.09,2.97,9,68,5500,27,28,17199
-1,jaguar,gas,std,4,wagon,rwd,front,109.46,196.83,65.89,51.04,1713,ohc,4,98,mpfi,2.96,3.83,9,70,5500,31,38,7609
3,subaru,gas,std,4,sedan,fwd,front,89.15,178.49,65.12,52.43,2261,ohcv,4,120,1bbl,3.57,3.34,9,70,5800,19,32,6669
2,volkswagen,gas,std,4,hatchback,fwd,front,96.07,179.08,64.14,53.2,2811,ohc,4,151,mpfi,3.84,3.02,8,58,5500,23,42,12940
1,peugot,gas,turbo,2,sedan,fwd,front,107.58,175.37,64.0,55.98,2145,ohc,4,146,mpfi,4.02,2.99,7,68,5400,27,31,9988
-1,toyota,gas,std,4,wagon,rwd,front,97.37,187.12,64.09,50.8,2536,ohc,4,121,1bbl,3.88,2.75,9,145,5000,22,41,6855
3,mazda,gas,std,2,sedan,4wd,front,96.56,180.78,66.09,53.55,1951,ohcv,4,141,mpfi,3.26,2.92,9,145,5400,37,24,13415
0,volvo,gas,std,2,hatchback,fwd,front,96.98,185.63,64.76,52.66,2921,l,8,258,2bbl,2.82,2.73,9,82,5200,23,38,22625
0,honda,gas,turbo,4,sedan,rwd,front,105.49,195.99,65.93,55.61,3055,ohc,4,326,2bbl,4.0,3.06,8,52,4350,27,31,10698
0,mazda,gas,std,4,sedan,rwd,front,95.42,175.14,64.79,52.57,2169,l,4,108,2bbl,3.94,3.64,9,62,5000,38,38,11549
0,porsche,gas,std,4,sedan,fwd,front,100.12,152.93,62.41,54.58,2340,ohc,4,120,mpfi,3.46,3.18,9,102,4800,17,30,18150
3,mercedes-benz,gas,std,2,convertible,rwd,front,99.78,173.83,64.17,54.8,1488,ohc,4,136,2bbl,3.11,3.48,9,62,5250,19,25,18150
0,volvo,gas,std,2,hatchback,fwd,front,95.81,169.66,68.21,47.35,1989,ohc,4,92,mpfi,3.64,3.56,9,152,5500,17,37,13950
1,subaru,gas,std,4,sedan,rwd,front,89.5,148.68,65.19,50.74,2910,ohcv,4,108,mpfi,3.4,2.65,8,123,4800,14,25,12964
1,peugot,gas,std,4,hatchback,fwd,front,105.04,181.17,67.79,52.71,3252,ohc,4,171,2bbl,3.37,2.86,8,52,5500,37,25,18420
2,saab,gas,std,2,sedan,4wd,front,100.91,159.56,62.38,56.39,1989,ohc,4,97,mpfi,3.0,3.14,9,68,5250,38,38,15510
0,subaru,gas,std,4,sedan,fwd,front,104.8,192.41,66.67,52.57,4066,ohc,4,98,mpfi,3.56,2.92,9,106,5200,28,29,12629
0,audi,gas,std,2,convertible,rwd,front,96.76,164.44,66.18,51.74,2293,ohcv,8,194,mpfi,3.57,2.85,7,155,5800,26,38,18420
2,mitsubishi,gas,std,2,hatchback,fwd,front,101.87,190.23,66.86,54.56,2372,ohc,4,122,idi,3.15,3.4,9,140,5200,23,19,17450
3,chevrolet,gas,std,4,wagon,fwd,front,108.0,167.5,69.33,53.95,2976,ohc,4,92,2bbl,3.36,3.0,9,68,5500,19,26,5151
0,honda,gas,std,2,sedan,fwd,front,93.69,183.47,68.08,55.64,1889,ohc,4,108,1bbl,3.4,3.28,8,207,5200,17,41,6849
1,subaru,diesel,std,4,hatchback,rwd,front,89.27,194.67,66.29,56.48,3071,ohc,4,90,mpfi,3.34,3.19,9,62,5800,30,38,7609
1,honda,gas,turbo,2,sedan,fwd,front,90.79,174.38,70.11,51.08,3285,ohc,6,308,mpfi,3.25,3.39,21,102,5000,26,30,13499
-1,mazda,gas,std,4,sedan,rwd,front,105.5,194.92,66.58,57.02,1909,ohcv,6,141,mpfi,3.16,3.18,9,123,5500,19,34,7609
1,volvo,gas,turbo,4,hardtop,rwd,front,96.36,190.93,64.89,48.93,2300,ohc,6,91,mpfi,3.38,2.97,9,82,5800,25,50,16695
1,volvo,gas,std,2,sedan,4wd,front,105.0,178.08,66.23,53.17,2010,dohc,4,140,2bbl,3.12,2.75,21,68,5500,22,41,13415
2,mercedes-benz,gas,std,2,sedan,fwd,front,107.61,165.57,61.18,57.36,2145,ohc,4,171,2bbl,3.02,2.67,9,69,5500,23,37,25552
-1,mazda,gas,std,2,hatchback,fwd,front,100.5,177.93,65.17,55.35,2372,dohc,6,109,mpfi,3.42,3.19,7,182,4500,31,36,11900
3,volvo,gas,std,4,sedan,fwd,front,107.26,167.28,67.12,54.74,2264,l,6,110,1bbl,3.03,3.77,9,145,5800,16,30,7999
3,honda,gas,std,2,sedan,fwd,front,94.33,173.99,65.17,56.09,1956,ohc,4,97,mpfi,3.67,3.41,9,111,4800,25,38,15510
3,porsche,gas,turbo,4,sedan,rwd,front,98.74,179.97,68.63,48.6,2403,ohc,4,97,mpfi,3.16,2.77,8,68,5500,19,32,35550
2,volvo,gas,std,4,wagon,fwd,front,99.11,184.84,65.97,55.14,2304,ohc,6,92,idi,3.35,3.16,9,102,6000,32,42,6377
3,chevrolet,gas,std,4,sedan,fwd,front,103.65,170.45,61.45,56.54,1951,dohc,4,91,2bbl,3.61,3.61,9,70,4900,23,25,16500
2,mitsubishi,gas,turbo,4,sedan,fwd,front,104.14,193.7,68.29,47.94,3086,ohcf,4,98,idi,3.34,3.69,9,115,5900,19,32,7603
1,honda,gas,std,2,sedan,rwd,front,97.25,184.93,64.75,57.21,2024,ohc,4,109,1bbl,2.95,3.74,8,97,4800,38,24,6377
1,nissan,diesel,std,2,hatchback,rwd,front,97.08,187.1,63.22,52.28,2847,ohc,4,110,mpfi,3.37,3.07,9,69,4800,27,54,7999
3,volvo,gas,std,4,hatchback,rwd,front,98.13,169.44,67.54,51.8,3086,ohc,5,61,2bbl,3.39,3.68,9,70,5300,18,37,13845
0,subaru,gas,std,2,hatchback,rwd,front,100.99,163.19,66.32,55.55,3012,dohc,6,146,mpfi,3.08,3.09,22,123,4150,23,34,11694
1,nissan,gas,std,4,sedan,fwd,front,94.35,163.9,64.72,48.14,3296,ohc,4,122,idi,3.47,3.09,9,160,5000,17,25,22018
-1,audi,gas,turbo,2,hatchback,fwd,front,112.29,203.22,64.75,53.57,3770,ohc,4,98,mpfi,3.85,3.7,23,145,5500,31,25,35056
0,toyota,gas,std,4,convertible,rwd,front,88.3,169.27,69.61,54.85,1956,ohc,6,98,spfi,3.22,3.01,8,106,5500,17,37,9279
2,volkswagen,gas,std,4,sedan,rwd,front,101.21,175.89,70.43,54.79,2209,ohc,6,145,mpfi,2.88,2.89,9,182,5500,22,31,5195
0,isuzu,gas,turbo,2,sedan,fwd,front,91.42,179.73,65.82,52.63,2910,ohc,4,194,2bbl,3.47,3.1,9,123,5250,19,27,8948
-1,volkswagen,gas,turbo,4,wagon,fwd,front,98.78,175.31,65.55,52.64,2140,ohc,4,97,mpfi,2.75,3.25,9,116,6600,23,29,5151
0,bmw,diesel,std,2,sedan,fwd,front,94.11,178.04,66.23,55.17,2535,ohc,8,92,mpfi,3.48,3.34,9,70,5500,16,28,11900
2,toyota,gas,std,2,wagon,fwd,front,100.34,197.41,63.1,53.93,2221,ohcf,4,97,mpfi,3.25,3.23,9,88,5500,17,28,5151
3,bmw,gas,std,4,hatchback,fwd,front,99.9,186.12,64.8,53.24,2976,ohcv,4,120,idi,3.37,3.25,9,73,6000,19,24,22470
1,volvo,gas,std,4,hatchback,rwd,front,101.32,190.96,65.53,54.14,2935,dohc,8,109,idi,3.48,3.23,7,156,4800,26,23,40960
-1,bmw,diesel,std,4,wagon,rwd,front,94.49,178.43,61.46,52.66,2405,ohc,4,98,2bbl,3.63,3.45,8,52,5000,24,23,13415
2,subaru,gas,std,2,hatchback,rwd,front,102.98,160.96,64.72,52.01,2094,ohc,4,171,mpfi,3.04,3.22,9,62,4150,28,25,7999
2,toyota,gas,turbo,4,hatchback,rwd,front,107.29,181.92,65.09,54.88,3095,ohcf,5,98,mpfi,3.37,3.3,9,106,5000,24,27,7895
1,mazda,gas,std,4,sedan,fwd,front,100.95,172.28,64.88,54.61,2976,ohc,4,181,mpfi,3.33,2.88,9,207,5000,31,27,5195
0,subaru,diesel,std,4,sedan,fwd,front,105.54,179.2,65.54,51.17,2420,ohc,6,122,2bbl,3.25,2.62,8,56,5200,21,25,16845
0,saab,gas,std,2,hatchback,rwd,front,93.86,166.99,63.61,55.33,2954,ohc,6,122,mpfi,3.05,3.44,8,73,5900,38,16,7463
0,toyota,gas,std,4,hatchback,fwd,front,97.67,184.49,64.39,52.34,2410,ohc,4,108,mpfi,3.8,3.19,9,69,5500,26,25,15750
0,dodge,gas,std,2,hardtop,fwd,front,100.37,182.03,65.11,51.51,3139,ohc,4,122,2bbl,3.44,3.1,9,90,4750,38,30,7463
1,chevrolet,gas,std,2,sedan,fwd,front,95.16,195.77,62.24,58.23,2094,ohc,4,122,mpfi,3.14,3.54,9,70,5000,37,54,12440
0,toyota,gas,std,4,sedan,fwd,front,104.12,156.41,65.81,51.69,3296,dohc,4,183,mpfi,3.19,3.08,9,182,5500,20,27,12940
1,toyota,gas,std,4,sedan,fwd,front,78.39,177.0,68.65,53.6,2324,ohc,4,146,mpfi,3.21,3.47,9,143,5000,19,34,10595
-1,subaru,gas,std,2,hatchback,fwd,front,96.74,178.13,63.58,56.23,2328,ohc,4,98,mpfi,3.29,3.55,9,123,5200,19,27,10345
0,subaru,gas,std,2,hatchback,fwd,front,92.14,179.99,67.75,51.5,2293,ohcf,4,108,mpfi,3.78,3.0,9,182,5200,21,18,11259
1,volvo,gas,std,4,hardtop,fwd,front,94.16,190.33,63.52,53.38,2579,ohc,4,61,1bbl,3.61,3.26,9,161,5500,13,25,22470
1,honda,gas,std,4,wagon,rwd,front,103.16,167.36,63.85,52.15,1940,ohc,4,181,2bbl,3.11,2.86,8,56,4250,19,32,9639
1,peugot,gas,std,4,hatchback,fwd,front,103.59,159.63,64.58,50.61,2261,ohcv,4,108,2bbl,3.31,3.1,9,200,5200,16,29,18399
0,volvo,gas,std,2,sedan,rwd,front,105.38,168.12,67.17,50.14,2420,ohc,4,90,mpfi,3.3,3.27,9,95,5500,24,38,18920
1,saab,gas,std,4,sedan,4wd,front,95.97,184.08,66.87,56.57,2707,ohc,4,122,idi,3.47,3.37,23,68,5800,24,28,13415
0,toyota,gas,std,4,hatchback,fwd,front,100.13,170.29,63.86,50.58,2365,ohc,4,92,mpfi,3.74,3.65,9,112,5400,26,30,13295
2,mazda,gas,std,2,wagon,rwd,front,100.58,155.97,64.73,51.99,2818,ohc,4,108,1bbl,3.33,3.17,9,207,6000,29,30,23875
3,volvo,gas,std,4,hatchback,rwd,front,99.3,167.76,64.29,56.37,2414,ohc,4,98,idi,3.32,3.5,9,123,4800,33,34,7395
1,toyota,gas,turbo,4,sedan,fwd,front,100.23,159.45,66.3,56.17,2535,ohcv,4,109,spdi,3.85,3.2,8,92,5200,31,36,34028
1,audi,gas,std,4,hatchback,fwd,front,98.47,166.99,63.75,54.52,2293,ohc,4,122,mpfi,3.3,3.72,9,145,4800,13,29,16515
0,volvo,gas,turbo,2,sedan,fwd,front,96.69,174.8,66.32,55.21,3071,ohc,4,97,mpfi,3.41,2.94,9,115,4900,19,27,8058
0,mazda,gas,std,4,wagon,rwd,front,104.43,171.27,67.41,51.9,2420,ohc,6,183,mpfi,2.87,2.9,7,160,4250,17,38,22470
-1,mazda,gas,turbo,2,sedan,rwd,front,105.32,175.98,62.81,53.4,2535,dohc,4,98,idi,3.34,3.03,8,68,5000,19,22,7995
0,volkswagen,gas,std,2,sedan,rwd,front,95.34,185.07,64.63,52.4,2024,ohc,4,109,1bbl,3.41,3.18,10,69,4800,27,38,14489
1,toyota,gas,std,2,sedan,fwd,front,98.56,166.37,65.84,54.61,1837,ohc,4,173,idi,3.62,3.21,8,58,5500,28,30,12170
1,jaguar,gas,std,2,sedan,rwd,front,98.3,169.92,64.62,54.96,3950,ohc,4,152,2bbl,3.6,2.83,7,95,5000,31,33,7898
3,volkswagen,gas,std,4,sedan,rwd,front,97.58,172.94,67.41,50.37,2679,ohcf,4,110,spdi,3.17,2.65,9,111,4800,25,32,36000
0,plymouth,gas,std,4,hatchback,rwd,front,90.48,177.09,65.27,55.1,2847,ohc,4,109,2bbl,3.27,3.17,21,69,5000,19,28,10198
3,toyota,gas,turbo,4,sedan,rwd,front,108.81,179.96,67.79,54.08,2191,ohc,4,98,spdi,3.12,3.37,9,68,4800,17,24,6669
0,toyota,gas,std,2,sedan,rwd,front,92.71,178.49,65.46,53.58,2679,ohc,4,92,mpfi,3.4,3.63,8,88,5500,23,43,22018
2,volvo,gas,std,4,sedan,rwd,front,102.56,184.91,69.35,50.32,2833,ohcv,4,97,2bbl,3.62,3.41,8,142,5000,22,38,7775
-1,subaru,gas,std,4,sedan,fwd,front,104.28,175.69,63.22,52.58,3197,ohc,4,108,mpfi,3.52,3.25,23,110,4800,16,42,23875
1,nissan,gas,std,4,hatchback,rwd,front,108.73,163.4,66.03,52.6,2670,ohc,4,308,2bbl,2.95,3.51,9,56,5000,26,42,6377
2,toyota,gas,std,4,sedan,fwd,front,105.89,187.58,67.03,54.67,2275,ohc,4,108,mpfi,3.71,3.56,8,62,4750,24,50,17075
2,chevrolet,gas,std,4,sedan,fwd,front,92.97,171.87,66.66,51.65,2425,l,6,97,mpfi,3.41,2.9,8,70,5500,37,33,28176
0,honda,gas,std,2,sedan,fwd,front,94.57,166.35,65.76,53.13,3495,ohc,4,90,2bbl,3.1,4.13,9,120,4800,25,24,9279
2,subaru,gas,turbo,2,hatchback,rwd,front,88.01,158.17,66.06,51.98,3217,ohcv,4,122,spdi,3.55,3.81,22,90,4800,26,24,15998
-1,nissan,gas,std,4,sedan,fwd,front,100.71,175.82,67.38,52.32,2094,ohcf,4,122,2bbl,3.39,3.81,8,60,5500,28,32,7463
1,jaguar,gas,turbo,4,sedan,rwd,front,92.76,185.84,68.57,52.47,3012,ohc,4,183,mpfi,3.32,3.39,9,110,5500,31,34,6855
-1,volvo,gas,std,4,hatchback,fwd,front,95.37,149.31,68.08,53.95,2695,ohc,4,136,spfi,3.23,3.64,9,69,4250,23,22,34184
0,honda,gas,std,4,sedan,4wd,front,105.6,185.52,62.95,57.37,1985,l,4,136,2bbl,3.32,3.05,8,121,5000,31,32,12629
1,volvo,gas,std,2,hatchback,fwd,front,99.18,146.12,69.09,54.91,2540,ohc,6,108,idi,3.53,3.28,7,111,5200,19,27,7999
-1,mercedes-benz,diesel,std,4,hatchback,fwd,front,95.69,170.97,64.48,54.4,2540,ohcv,4,130,mpfi,3.39,3.45,8,175,6000,38,23,7775
-1,mazda,diesel,std,4,wagon,fwd,front,94.93,159.75,62.06,54.42,3230,ohc,4,141,mpfi,3.26,3.13,9,142,4800,25,34,9279
3,toyota,gas,turbo,2,wagon,fwd,front,112.45,170.7,68.04,57.44,2324,ohc,5,90,mpfi,3.81,3.1,9,70,4150,30,34,26795
1,honda,diesel,std,4,hatchback,fwd,front,102.43,175.21,66.97,52.38,1819,ohcv,4,97,mpfi,3.29,2.65,9,92,5200,37,41,41315
2,volvo,gas,std,2,hatchback,fwd,front,102.09,166.39,64.05,49.66,1945,ohcv,4,109,mpfi,3.42,3.63,9,95,5100,26,25,22470
1,dodge,gas,std,4,sedan,rwd,front,114.48,162.42,65.57,56.31,2935,ohcv,4,98,mpfi,3.36,3.38,7,82,5250,16,38,13499
0,honda,gas,std,4,hatchback,fwd,front,97.77,176.61,65.79,54.44,3252,ohc,4,171,mpfi,3.11,3.8,9,68,6000,38,42,7775
3,volvo,gas,std,2,convertible,rwd,front,101.1,182.37,62.15,56.7,3217,ohc,4,136,mpfi,3.06,3.46,9,102,5400,26,29,6095
3,volvo,gas,turbo,4,sedan,rwd,front,95.87,159.75,67.46,52.29,2261,ohc,4,61,mpfi,3.51,3.78,8,69,5500,24,37,11694
0,subaru,gas,std,4,sedan,fwd,front,86.03,184.45,64.53,52.24,2265,ohcv,4,194,mpfi,3.28,3.02,8,70,4350,31,24,11900
-1,saab,gas,std,2,hatchback,rwd,front,100.92,171.93,70.56,47.29,3075,ohc,4,110,1bbl,3.29,3.77,9,152,5200,31,34,5389
1,toyota,gas,turbo,4,hatchback,4wd,front,108.42,177.79,66.63,57.87,2081,ohc,4,109,2bbl,3.33,3.79,9,160,4800,49,25,9233
1,dodge,gas,std,2,hatchback,rwd,front,90.38,166.09,65.97,54.71,2337,ohc,8,122,mfi,2.87,3.12,8,95,6000,19,18,16503
2,nissan,gas,std,4,hatchback,fwd,front,99.05,182.67,67.18,58.63,3042,dohc,4,92,spdi,3.17,3.14,9,69,5500,31,30,23875
1,toyota,gas,std,2,sedan,rwd,front,97.54,185.53,66.78,55.06,2324,ohc,4,152,spdi,3.81,3.1,9,62,4800,27,27,6938
1,volvo,gas,std,2,hatchback,fwd,front,105.53,170.86,63.39,50.33,3197,ohc,6,92,mpfi,3.17,2.83,9,152,5900,25,34,7609
1,volkswagen,gas,std,4,wagon,fwd,front,97.88,199.31,62.71,56.06,2844,ohc,4,152,mpfi,3.44,2.82,9,69,4750,27,50,19699
0,saab,gas,std,4,sedan,rwd,front,86.99,170.64,65.86,54.73,2714,ohc,6,122,2bbl,3.44,2.92,8,95,5200,27,54,13845
-1,volvo,gas,std,4,hatchback,fwd,front,91.0,151.57,65.15,56.57,2765,ohc,4,120,2bbl,3.18,3.21,9,106,5000,23,34,12629
2,volkswagen,gas,turbo,4,sedan,fwd,front,103.92,180.77,64.5,56.54,1945,ohc,4,326,idi,3.78,3.24,9,69,5200,31,23,11694
2,toyota,gas,std,4,hatchback,fwd,front,94.36,156.02,63.54,55.42,2280,ohc,4,98,1bbl,3.23,3.08,9,114,4800,27,43,9639
0,volkswagen,gas,std,4,sedan,rwd,front,101.19,183.68,69.4,54.17,1918,ohc,4,97,mpfi,3.47,3.68,9,48,5000,23,38,10595
1,mitsubishi,diesel,std,4,hatchback,fwd,front,97.47,167.61,67.56,53.93,2304,ohc,4,122,mpfi,3.69,3.45,9,68,4800,19,32,5151
-1,mazda,gas,std,2,hatchback,rwd,front,98.95,191.45,67.3,56.13,3060,ohcv,4,181,mpfi,3.56,3.09,9,97,5200,25,32,6377
3,toyota,gas,std,4,hatchback,fwd,front,102.26,154.4,68.07,54.57,2535,ohc,4,97,2bbl,3.17,3.77,21,69,4800,31,28,18620
3,toyota,gas,std,2,hatchback,rwd,front,100.85,181.49,67.87,50.38,2847,ohc,4,130,2bbl,3.22,3.86,9,123,5200,19,31,18150
0,honda,gas,std,2,sedan,rwd,front,89.39,170.81,65.83,49.0,2410,ohc,4,122,1bbl,3.29,3.21,8,82,4750,28,25,18420
3,chevrolet,gas,turbo,4,convertible,fwd,front,92.4,187.22,63.74,55.35,2695,ohc,4,194,mpfi,3.34,3.34,8,68,4350,19,25,5572
0,honda,gas,std,4,hatchback,fwd,front,103.78,174.85,65.96,54.53,1967,ohc,6,181,mpfi,3.32,3.36,22,70,5250,16,32,9988
0,peugot,gas,std,4,sedan,fwd,front,107.12,204.31,65.79,54.82,2024,ohc,6,92,2bbl,3.38,2.89,8,69,5200,28,37,8499
0,bmw,gas,std,2,sedan,rwd,front,102.76,177.56,67.84,53.36,2540,ohc,4,108,2bbl,3.14,3.01,9,95,5400,20,33,26795
1,nissan,gas,turbo,2,hatchback,rwd,front,86.81,175.35,61.41,52.38,2536,ohcf,4,97,mpfi,3.62,3.66,9,95,4500,16,39,6918
1,bmw,gas,turbo,2,hatchback,4wd,rear,98.22,183.61,68.71,51.36,3110,ohc,4,98,mpfi,3.56,2.8,9,62,5800,24,27,7299
3,nissan,gas,std,4,sedan,fwd,front,99.03,182.84,65.53,52.84,2324,dohc,4,92,mpfi,3.68,2.81,9,70,4400,31,28,16515
1,dodge,gas,std,2,sedan,fwd,front,96.26,181.04,64.63,51.08,2535,ohc,4,234,mpfi,3.42,3.23,8,95,5000,21,24,6938
3,mazda,diesel,std,2,sedan,fwd,front,100.82,177.54,66.63,53.31,2024,ohc,4,110,idi,3.53,3.03,9,69,4800,19,25,7295
0,toyota,gas,std,4,sedan,fwd,front,99.63,164.46,67.85,52.65,2425,ohc,4,183,mpfi,2.91,3.01,10,70,5300,31,25,15998
-1,mitsubishi,gas,std,4,sedan,fwd,rear,102.11,139.07,68.28,51.77,3012,ohc,4,109,2bbl,3.6,3.22,22,68,5500,24,34,13950
0,toyota,gas,std,2,sedan,rwd,front,113.44,178.35,68.88,54.24,1967,ohc,4,98,2bbl,3.45,3.23,9,176,4800,19,32,9279
-2,toyota,gas,std,4,sedan,rwd,front,100.59,146.95,64.78,47.93,1967,ohc,6,156,mpfi,2.26,2.93,9,95,4350,20,29,6338
0,honda,diesel,std,4,hatchback,rwd,front,87.74,170.67,68.7,54.69,3715,ohcv,4,145,mpfi,3.15,3.48,8,70,5000,26,32,15040
0,mitsubishi,gas,std,2,hatchback,fwd,front,103.73,181.34,65.51,56.21,2758,ohc,4,98,mpfi,3.39,3.27,9,69,5200,25,29,8189
0,toyota,gas,std,4,hatchback,fwd,front,110.89,183.48,67.67,51.84,2370,ohc,4,130,1bbl,3.29,3.44,9,88,5250,19,34,10345
3,mazda,gas,std,4,hatchback,fwd,front,95.42,181.6,65.9,47.89,1889,ohc,4,92,2bbl,3.11,3.37,7,110,5250,19,27,7995
0,toyota,gas,std,4,wagon,fwd,front,108.91,195.15,67.19,56.9,3430,ohc,4,98,mpfi,3.14,3.62,8,115,4800,20,32,10345
1,honda,gas,std,4,hatchback,fwd,front,97.97,191.0,67.14,53.57,2510,ohcf,6,97,mpfi,3.07,3.19,23,68,5500,27,32,18280
-1,volvo,gas,std,2,sedan,rwd,front,93.52,170.4,64.66,52.29,2024,l,4,109,2bbl,3.34,3.21,9,69,5000,24,43,15250
0,mazda,gas,std,4,sedan,fwd,front,94.97,168.75,67.91,54.14,3016,ohc,4,120,mpfi,3.77,2.99,9,110,4500,31,23,10245
1,mazda,gas,turbo,2,sedan,fwd,front,105.96,154.96,67.78,53.44,2140,ohc,6,92,2bbl,3.48,2.77,9,62,6000,26,33,7957
2,peugot,gas,std,4,hatchback,rwd,front,88.36,165.73,65.82,52.19,3950,ohc,4,109,2bbl,3.0,3.28,21,176,5250,17,25,12964
1,volvo,gas,std,4,sedan,rwd,front,98.82,181.81,69.75,55.04,2304,ohc,4,171,2bbl,2.77,3.86,8,123,5000,24,32,36000
-1,toyota,gas,turbo,4,sedan,rwd,front,103.35,183.34,67.88,50.34,1909,ohc,4,130,2bbl,2.88,3.46,9,121,5500,27,47,15750
0,toyota,gas,std,2,hatchback,4wd,front,103.27,168.34,63.68,49.66,2385,dohc,4,110,2bbl,3.4,2.87,9,152,6000,30,34,36000
0,toyota,gas,std,4,sedan,fwd,front,92.31,194.87,68.59,52.84,3485,ohc,4,121,2bbl,2.92,3.5,9,121,5800,19,33,17950
-1,volvo,gas,std,4,wagon,rwd,front,97.68,184.18,65.9,53.45,2935,ohc,4,156,mpfi,3.09,3.57,9,68,4800,27,34,14399
0,volvo,gas,turbo,4,wagon,4wd,front,106.74,180.28,66.16,52.75,2128,ohc,4,171,2bbl,3.15,3.3,7,69,6000,31,20,19699
0,jaguar,gas,std,4,sedan,fwd,front,97.73,180.69,64.86,55.92,1488,ohc,4,120,mpfi,4.01,3.25,9,102,6000,24,42,36000
1,toyota,gas,std,2,sedan,fwd,front,100.67,165.94,67.08,53.85,2024,ohc,4,98,spdi,3.13,3.52,9,62,5200,26,25,13295
0,toyota,gas,std,2,hatchback,fwd,front,85.82,165.02,64.15,53.65,3715,ohc,4,209,2bbl,3.02,3.43,7,82,5100,23,23,7053
1,mazda,diesel,std,4,sedan,rwd,front,94.94,178.42,69.32,54.03,1876,ohc,4,130,2bbl,3.19,4.41,9,70,5900,16,32,16925
0,mazda,gas,std,4,hatchback,fwd,front,109.58,184.22,65.54,54.66,2414,ohc,4,164,1bbl,2.85,3.45,10,176,4800,26,24,15510
0,plymouth,gas,std,2,hatchback,fwd,front,95.6,120.7,64.81,57.71,3095,ohc,4,152,mpfi,3.38,3.07,9,95,5250,31,25,40960
-1,mercedes-benz,gas,turbo,2,sedan,fwd,front,87.93,174.72,66.06,51.21,2833,ohcv,4,146,mpfi,2.94,3.29,21,123,5500,17,24,32250
2,volvo,gas,std,4,wagon,fwd,front,102.41,173.77,65.63,56.37,2209,dohc,4,92,mpfi,3.41,3.03,7,102,4400,37,30,8249
3,mazda,diesel,std,2,sedan,fwd,front,99.44,181.19,64.29,52.32,3020,ohcf,6,121,2bbl,3.63,2.34,10,116,5200,31,30,6692
1,volvo,diesel,turbo,2,hatchback,fwd,front,89.1,174.38,65.63,53.44,2340,ohc,4,110,2bbl,3.29,3.32,9,95,5400,16,37,19045
1,nissan,gas,std,4,wagon,fwd,front,102.32,193.96,67.21,50.85,2140,ohc,4,234,mpfi,3.39,3.5,9,162,5400,21,16,11245
0,plymouth,diesel,turbo,2,sedan,fwd,front,98.55,175.23,66.9,50.93,2302,ohc,6,121,mpfi,3.41,3.55,21,95,5200,29,32,6488
1,peugot,gas,std,4,sedan,rwd,front,103.34,175.75,66.48,58.3,3055,ohc,4,109,idi,3.09,3.14,21,123,4800,21,37,7775
-1,alfa-romero,gas,turbo,4,sedan,fwd,front,105.39,165.24,67.34,53.18,2302,l,4,130,2bbl,3.28,3.33,8,95,5200,33,31,36880
3,volvo,gas,std,2,wagon,rwd,front,98.47,176.22,67.01,53.46,1918,ohc,6,109,2bbl,2.73,3.09,9,76,5000,21,38,31600
1,bmw,diesel,std,4,sedan,fwd,front,94.84,187.28,64.03,53.64,3197,ohc,4,136,mpfi,3.54,3.3,7,116,4800,24,34,15040
0,jaguar,gas,std,4,sedan,fwd,front,106.31,180.76,65.72,54.36,2778,ohc,4,122,2bbl,3.43,3.66,9,60,4750,16,34,11900
-1,volvo,gas,turbo,4,hatchback,fwd,front,108.81,200.01,64.75,50.91,2275,ohc,4,110,2bbl,3.14,3.38,9,68,5000,24,37,15998
0,audi,gas,std,4,hardtop,fwd,front,94.21,170.79,64.03,57.23,1905,ohcv,4,97,mpfi,3.41,2.86,9,102,5500,15,38,11694
2,plymouth,diesel,std,4,sedan,fwd,front,85.64,174.93,61.02,54.27,1889,ohc,4,91,idi,3.7,3.14,9,68,4800,26,38,10245
0,toyota,gas,std,2,sedan,rwd,front,94.08,177.79,62.6,56.31,2510,ohc,4,136,2bbl,3.42,3.24,21,69,5500,23,24,19699
0,toyota,gas,turbo,4,sedan,fwd,front,93.34,162.22,65.42,53.15,2337,ohc,6,110,mpfi,3.32,3.59,9,145,5500,24,34,7053
0,mitsubishi,gas,turbo,4,sedan,fwd,front,98.23,216.48,66.13,53.65,1989,ohcf,4,110,mpfi,3.46,3.67,7,69,5500,21,54,7898
0,peugot,gas,std,4,wagon,fwd,front,104.5,167.37,65.26,52.83,1967,ohc,4,209,mpfi,3.22,2.96,8,145,5600,26,36,16430
3,mitsubishi,gas,std,4,sedan,rwd,front,106.02,174.66,64.71,55.48,2410,ohc,4,181,2bbl,3.4,2.94,21,110,5000,31,34,15690
2,toyota,diesel,std,2,hatchback,rwd,front,95.64,156.46,66.27,52.41,2094,ohc,4,121,2bbl,3.09,3.65,21,100,5500,38,28,22625
1,saab,diesel,std,4,sedan,fwd,front,88.79,187.56,65.55,54.46,1488,l,4,92,2bbl,3.08,3.55,9,145,4800,21,34,8845
-1,toyota,gas,turbo,4,hatchback,fwd,front,97.85,178.52,62.16,53.63,2535,l,4,92,mpfi,3.28,3.86,9,121,4500,19,39,9279
1,honda,gas,std,4,sedan,rwd,front,94.79,155.57,63.57,55.59,2579,ohc,4,97,mpfi,3.77,3.03,9,152,6600,19,25,8189
1,volvo,gas,std,4,sedan,fwd,front,102.97,172.45,63.17,51.8,3020,ohcv,4,109,mpfi,2.96,3.2,9,142,4150,14,38,9549
0,toyota,gas,std,4,wagon,fwd,front,86.25,180.65,63.19,53.72,2734,dohc,4,121,2bbl,2.85,3.52,9,70,4800,30,25,5195
0,bmw,gas,std,4,hatchback,fwd,front,99.51,173.36,63.26,52.36,1889,dohc,4,110,mpfi,3.01,3.63,9,152,5500,26,34,6938
0,nissan,gas,std,4,sedan,rwd,front,93.37,170.39,66.7,53.44,3230,ohc,4,164,2bbl,2.9,3.1,8,68,5500,25,32,7463
3,audi,diesel,std,4,sedan,fwd,front,108.18,164.54,64.0,54.91,2204,ohc,4,120,mpfi,3.54,3.05,8,68,5500,24,28,8499
3,volkswagen,gas,std,4,hatchback,rwd,front,99.55,190.49,65.15,52.12,2395,ohcv,4,92,2bbl,3.22,3.51,7,82,6000,37,33,6575
0,subaru,gas,std,2,sedan,fwd,front,93.5,175.19,64.13,54.63,2540,ohcf,4,98,mpfi,3.1,3.51,8,95,4200,25,34,13295
1,volkswagen,gas,std,4,hatchback,rwd,front,90.33,184.43,65.23,54.28,1989,l,4,156,mpfi,3.81,3.88,9,116,5200,27,47,36000
0,volkswagen,gas,std,2,sedan,rwd,front,92.88,160.02,70.84,55.86,2028,ohc,4,134,2bbl,3.26,3.39,8,110,5000,38,34,7609
1,honda,gas,std,2,sedan,rwd,front,99.55,172.93,69.03,53.49,2385,ohc,4,121,mpfi,3.56,2.89,9,88,5250,38,25,31600
1,saab,gas,std,2,sedan,rwd,front,101.99,178.56,66.01,52.52,2010,ohc,4,122,mpfi,3.37,3.22,7,68,4200,30,38,20970
0,volvo,gas,std,2,wagon,rwd,front,106.68,173.91,66.62,55.54,2758,ohc,6,109,spdi,2.92,2.99,8,82,4500,25,38,18420
2,volkswagen,gas,turbo,4,sedan,rwd,front,103.99,174.02,68.31,52.32,2535,ohc,4,108,2bbl,3.78,3.26,9,152,5000,14,28,10698
-1,isuzu,gas,std,2,sedan,fwd,front,105.66,171.39,65.95,54.9,2670,ohc,4,171,mpfi,3.24,2.65,23,68,4200,31,28,12170
3,plymouth,gas,std,4,hatchback,fwd,front,99.31,156.18,65.87,55.21,2302,ohc,4,110,mpfi,3.69,3.3,9,82,5200,26,23,11900
2,toyota,gas,std,2,sedan,fwd,front,89.05,195.02,66.28,51.64,2414,ohc,4,121,mpfi,3.5,3.5,23,111,5000,31,32,13415
3,volkswagen,gas,std,2,wagon,fwd,front,88.08,180.67,64.09,54.05,2661,ohc,4,97,2bbl,3.36,3.31,9,88,5400,30,29,5151
1,volvo,gas,turbo,2,sedan,fwd,front,95.88,158.67,63.69,52.98,2300,ohc,6,152,idi,3.48,3.42,9,111,5250,23,32,7295
0,bmw,gas,std,2,sedan,fwd,front,98.2,171.66,67.36,51.56,2191,ohc,4,146,idi,3.55,3.25,9,140,5200,18,29,6338
3,toyota,gas,std,4,sedan,fwd,front,93.97,174.99,66.55,54.06,1876,ohc,4,108,mpfi,3.51,3.46,9,95,5500,21,54,37028
-1,volvo,gas,std,4,hatchback,fwd,front,90.7,171.15,63.05,50.4,2579,ohc,4,92,mpfi,3.11,3.59,9,95,4800,25,37,6338
1,audi,gas,turbo,4,sedan,rwd,front,94.84,162.27,69.74,53.23,2293,ohcf,4,152,mpfi,3.37,3.46,9,70,5500,28,27,20970
0,peugot,gas,turbo,4,convertible,rwd,front,95.13,162.47,64.72,57.05,2365,ohc,4,109,mpfi,3.39,2.95,7,68,4800,24,39,15998
1,toyota,gas,std,2,hardtop,fwd,front,96.85,173.36,69.99,56.75,3016,ohc,4,122,mpfi,3.41,3.11,9,110,4400,31,33,22625
3,plymouth,gas,std,4,sedan,rwd,rear,100.74,202.98,69.73,53.65,1819,ohc,4,304,spdi,3.35,2.74,9,62,4150,23,24,7463
2,bmw,gas,turbo,4,sedan,fwd,front,97.9,187.6,64.3,54.33,2823,ohcv,4,171,idi,3.38,3.72,9,82,5500,21,37,19699
0,audi,gas,turbo,4,sedan,fwd,front,96.39,175.05,64.36,54.32,1938,ohc,4,145,spdi,3.41,2.98,21,88,4800,31,37,13200
-2,mazda,gas,std,2,hatchback,rwd,front,101.19,161.4,67.97,54.2,2811,ohc,6,98,mpfi,2.94,3.41,23,88,5500,34,37,36000
0,volkswagen,gas,std,2,hatchback,fwd,front,107.82,168.66,68.38,52.49,2169,dohc,6,110,idi,3.06,3.39,9,106,5500,28,33,10245
0,alfa-romero,diesel,std,2,wagon,fwd,front,100.19,194.44,67.15,51.05,2535,ohc,4,122,idi,3.41,3.39,9,82,5800,26,27,40960
1,honda,gas,std,2,wagon,rwd,front,99.17,191.25,68.02,59.5,2679,ohcv,4,92,spdi,3.42,3.25,23,111,5500,26,24,5118
0,honda,gas,std,2,wagon,fwd,front,103.38,166.91,68.41,50.0,2264,ohc,4,92,mpfi,3.64,2.95,8,85,4400,31,30,32528
-1,mazda,gas,turbo,4,sedan,fwd,front,96.73,165.68,64.34,55.57,2385,ohc,4,109,2bbl,3.66,3.56,9,69,5000,37,43,6849
2,saab,gas,std,2,hatchback,fwd,front,101.02,175.86,64.36,53.47,2679,ohc,6,152,mpfi,2.84,3.38,9,121,5500,19,37,10595
1,toyota,gas,std,4,sedan,fwd,front,91.67,163.82,63.94,50.08,3151,ohc,4,134,2bbl,3.63,2.87,9,95,4800,24,22,5348
1,mazda,gas,std,4,sedan,fwd,front,87.68,168.09,64.39,54.54,2808,ohcv,4,146,2bbl,3.49,3.79,9,95,5250,19,22,18950
0,honda,gas,std,2,wagon,rwd,front,106.41,193.7,67.89,54.41,2395,ohcv,4,90,idi,3.73,3.17,8,106,5000,24,24,7898
-2,volkswagen,gas,turbo,4,wagon,rwd,front,96.47,161.21,68.32,51.51,2824,ohc,8,98,mpfi,3.25,3.41,8,68,6000,25,53,34028
0,chevrolet,gas,std,4,hatchback,fwd,front,101.37,158.24,69.61,54.47,3157,ohc,4,121,mpfi,3.46,3.39,9,142,5900,17,38,21485
0,toyota,gas,std,2,hatchback,fwd,front,101.24,168.45,65.92,56.38,2818,ohc,8,152,idi,3.17,3.3,23,90,5800,15,28,7299
0,peugot,gas,std,2,sedan,fwd,front,91.35,170.85,69.93,54.78,2302,ohc,6,121,mpfi,2.92,2.77,9,110,4750,20,29,17669
0,bmw,gas,std,4,hardtop,fwd,front,89.25,157.01,65.41,54.32,3110,l,5,130,1bbl,3.11,3.47,8,95,5250,25,38,16515
-1,mazda,gas,std,4,sedan,fwd,front,94.26,175.87,65.3,52.4,2650,ohc,4,141,idi,3.25,3.19,9,86,5500,31,50,7129
2,nissan,gas,std,4,sedan,fwd,front,88.18,182.51,67.39,50.46,2403,ohc,8,108,mpfi,3.64,3.32,8,114,5500,27,29,7299
-1,mitsubishi,diesel,turbo,4,hardtop,rwd,front,99.81,176.42,64.94,52.83,2935,l,4,91,mpfi,3.31,3.83,8,68,5500,24,38,9279
0,chevrolet,gas,std,2,hatchback,fwd,front,101.49,164.68,66.35,54.76,1918,ohc,4,92,mpfi,3.49,3.77,9,68,6000,24,47,5195
0,mitsubishi,gas,std,4,hardtop,4wd,front,105.0,190.94,61.98,53.08,1944,ohc,6,194,2bbl,3.12,3.64,9,85,5000,24,30,16515
-1,subaru,gas,turbo,4,wagon,rwd,front,101.92,165.1,67.86,52.33,2548,ohc,6,141,mpfi,3.38,2.86,8,123,5000,14,42,35056
1,nissan,gas,std,2,hatchback,rwd,front,98.27,183.81,67.13,53.29,2275,ohcv,4,156,mpfi,3.22,3.59,9,84,4800,26,25,22625
1,peugot,gas,turbo,2,sedan,4wd,front,96.23,184.7,65.94,56.0,2536,ohcf,4,141,mpfi,2.8,3.17,9,86,5500,15,47,16430
0,mitsubishi,gas,std,4,wagon,fwd,front,106.62,168.32,65.41,51.29,2010,ohc,4,108,mpfi,3.53,3.07,9,95,6000,31,16,15250
0,toyota,gas,std,2,wagon,rwd,front,93.45,189.04,66.89,55.97,1944,ohc,4,92,mpfi,2.75,3.26,7,86,4500,18,24,9988
0,isuzu,gas,std,2,sedan,rwd,front,100.23,177.85,67.84,52.33,2209,ohc,4,110,mpfi,3.55,3.64,22,97,4800,31,25,19699
0,jaguar,gas,std,4,hatchback,fwd,front,95.48,190.07,69.36,51.52,2024,ohc,4,98,mpfi,3.2,2.85,8,116,5000,16,26,22625
3,honda,gas,turbo,2,hatchback,fwd,front,100.93,153.37,66.68,57.31,2040,ohc,5,90,2bbl,3.67,3.18,9,70,6000,26,30,10595
2,jaguar,gas,std,2,hatchback,rwd,rear,83.79,169.51,66.93,56.9,2140,ohc,4,130,spdi,3.09,2.99,9,70,4800,24,32,5572
0,mazda,gas,std,4,wagon,rwd,front,100.78,185.87,65.14,54.45,2050,ohc,4,98,mpfi,3.77,3.46,9,116,5500,30,38,40960
-1,nissan,gas,std,4,sedan,fwd,rear,105.29,171.61,63.24,53.25,2661,ohc,4,90,2bbl,3.96,3.36,8,116,5400,25,43,8238
-2,nissan,gas,std,2,hatchback,rwd,front,92.0,172.58,63.19,54.05,2326,l,4,258,1bbl,3.38,3.07,8,115,4750,19,20,7898
1,subaru,gas,std,4,sedan,fwd,front,104.04,180.92,69.07,53.77,2455,ohc,4,146,idi,3.56,2.88,23,68,5400,19,38,17075
0,volvo,gas,std,2,sedan,fwd,front,92.36,182.85,69.22,55.09,2935,ohc,4,97,mpfi,3.29,2.82,9,69,5000,19,27,18920
1,honda,gas,turbo,4,sedan,fwd,front,99.71,191.34,67.42,53.02,1985,ohc,6,122,2bbl,3.08,3.4,8,86,5400,23,25,34028
1,saab,gas,std,2,sedan,rwd,front,98.1,157.54,64.64,50.43,1819,ohc,4,97,idi,3.56,3.28,8,123,5250,31,38,7957
1,jaguar,gas,std,4,sedan,fwd,front,95.62,183.24,68.48,50.96,3715,ohc,4,108,2bbl,2.9,3.29,9,95,5000,24,38,5195
2,nissan,diesel,std,4,wagon,rwd,front,88.76,207.5,67.56,52.21,2756,ohc,4,304,mpfi,3.38,3.56,9,88,4800,19,24,19699
3,chevrolet,gas,std,2,hatchback,fwd,front,93.91,173.26,65.1,55.02,3770,ohc,6,121,2bbl,3.75,3.33,9,145,4800,37,54,36000
3,volvo,gas,std,2,hatchback,fwd,front,116.31,189.84,62.31,57.42,2710,dohc,4,122,spdi,3.44,3.17,9,161,4800,20,30,9233
0,toyota,gas,std,4,sedan,4wd,front,105.38,192.83,65.82,57.7,3197,ohc,4,181,2bbl,3.88,3.16,9,110,5500,31,38,7788
0,bmw,gas,std,4,hatchback,fwd,front,103.57,179.91,66.26,51.86,2414,ohc,4,98,mpfi,3.49,3.37,8,69,5000,27,30,11694
1,toyota,gas,std,2,hatchback,rwd,front,92.94,178.25,62.0,56.18,1890,ohcf,4,136,mpfi,3.39,3.03,8,182,6000,25,23,6529
1,toyota,gas,std,4,hatchback,fwd,front,103.07,160.56,69.4,55.77,3086,ohc,4,194,2bbl,3.27,3.81,9,85,5000,29,23,22470
-1,toyota,gas,std,2,sedan,rwd,front,92.99,178.54,66.6,51.61,2465,ohcf,4,61,mpfi,3.23,3.39,21,123,5000,19,38,32528
0,volvo,gas,std,4,wagon,fwd,front,102.25,171.5,65.04,52.72,2758,dohc,4,234,2bbl,3.52,3.24,8,111,4150,31,30,16900
-1,toyota,gas,std,4,sedan,fwd,front,94.13,185.8,66.91,53.23,1985,l,4,121,idi,3.52,3.12,22,161,5250,22,30,11259
0,volvo,gas,turbo,2,hatchback,rwd,front,100.61,181.11,68.85,53.75,2535,ohc,4,234,2bbl,3.29,2.87,9,76,6000,37,25,32250
0,mercedes-benz,gas,std,2,sedan,fwd,front,98.34,151.03,65.56,51.33,2122,ohc,4,98,spdi,3.25,3.13,9,111,4200,19,25,9989
1,chevrolet,gas,std,4,sedan,rwd,front,98.09,179.04,71.29,50.71,2758,ohc,6,121,2bbl,3.49,3.57,9,120,6000,31,38,5572
-1,nissan,gas,std,4,sedan,rwd,front,98.83,198.95,62.5,54.56,2122,ohc,4,92,mpfi,2.99,3.23,9,70,5500,33,24,15040
1,volkswagen,gas,std,4,wagon,rwd,front,93.39,167.42,66.93,54.01,2024,l,4,122,2bbl,3.42,3.2,8,68,4800,30,34,45400
0,bmw,gas,turbo,4,hatchback,fwd,front,89.78,167.95,67.64,58.48,3071,ohc,4,92,mpfi,3.55,3.26,7,142,6000,25,27,9549
2,mitsubishi,gas,std,2,hatchback,rwd,front,104.58,160.83,69.99,57.06,2975,ohc,4,145,mpfi,3.56,3.07,8,68,4800,30,18,6189
3,volvo,gas,std,4,sedan,rwd,front,95.02,148.56,67.86,52.1,2328,ohc,4,97,mpfi,3.57,3.5,9,100,4750,18,22,7999
0,mercedes-benz,gas,std,2,sedan,rwd,front,106.85,190.89,68.52,56.44,2094,ohc,4,91,2bbl,3.4,2.85,22,95,5500,31,20,22470
2,toyota,gas,std,2,sedan,fwd,front,98.84,178.43,68.08,53.98,2847,ohc,4,98,2bbl,3.4,2.78,8,123,5200,31,31,7788
0,volvo,gas,turbo,2,sedan,fwd,front,96.58,182.71,63.24,50.65,2372,ohc,4,97,spdi,3.0,3.22,9,145,4800,17,30,32528
1,mazda,gas,std,2,hatchback,fwd,front,91.06,163.01,66.44,55.75,3139,ohcf,4,171,2bbl,3.0,3.84,10,101,4800,37,28,9639
3,toyota,diesel,std,4,hatchback,fwd,front,102.77,171.46,69.18,50.76,1876,ohcv,6,103,mpfi,3.18,2.76,8,160,5000,22,30,11549
0,mercedes-benz,gas,turbo,4,hatchback,fwd,front,92.36,177.74,68.26,58.43,1874,dohc,4,161,1bbl,3.33,3.39,9,95,4800,22,22,13415
1,nissan,gas,std,4,wagon,rwd,front,100.4,214.42,63.32,53.66,2535,ohc,4,97,mpfi,3.47,3.05,9,84,5500,26,26,40960
-1,toyota,gas,std,4,sedan,fwd,front,98.94,183.77,65.44,53.6,2425,ohc,4,90,mpfi,3.51,3.31,21,121,5500,31,26,5572
3,toyota,gas,std,4,sedan,rwd,front,104.9,181.1,65.58,55.79,2808,ohc,4,90,1bbl,3.15,3.51,9,155,4200,22,30,12290
1,audi,diesel,std,4,sedan,fwd,front,102.57,197.36,68.25,57.23,2926,ohc,4,146,mpfi,3.53,3.3,9,123,5000,19,42,6855
3,nissan,gas,std,2,sedan,rwd,front,97.85,145.62,64.8,50.67,2109,ohc,6,141,1bbl,3.35,3.12,7,156,5000,19,32,12170
2,toyota,gas,std,4,hatchback,rwd,front,96.01,176.96,66.25,60.58,1985,ohc,4,130,idi,3.08,3.28,9,86,4800,19,26,9258
-1,subaru,diesel,std,4,sedan,fwd,front,87.27,160.57,65.43,54.35,2370,ohc,6,90,mpfi,3.11,3.37,22,70,5250,23,32,6529
1,porsche,diesel,std,2,sedan,fwd,front,100.81,174.77,65.05,54.88,3045,ohc,4,97,mpfi,3.01,3.67,21,70,5000,29,34,12964
0,nissan,gas,std,2,sedan,rwd,front,104.93,153.15,66.1,51.99,3020,ohcv,4,108,2bbl,3.33,3.22,7,95,4150,24,42,12629
1,audi,gas,std,4,sedan,rwd,front,94.42,178.66,66.02,54.83,2081,ohc,4,141,2bbl,3.4,3.16,23,145,4800,29,29,11549
